{
    "acc": 0.8524590163934426,
    "loss": 0.34145831560990847,
    "training_time": 77.08684587478638
}