{
    "acc": 0.9057377049180327,
    "loss": 1.9577973899958165,
    "training_time": 215.03682923316956
}