{
    "acc": 0.8688524590163934,
    "loss": 0.30599864682213207,
    "training_time": 80.47761464118958
}