{
    "acc": 0.7991803278688525,
    "loss": 0.4562213230328482,
    "training_time": 89.22324299812317
}