{
    "acc": 0.5081967213114754,
    "loss": 0.6525301576637831,
    "training_time": 89.72609114646912
}