{
    "step": 1,
    "acc": 0.7909836065573771,
    "loss": 0.4733459294819441,
    "training_time": 84.15754699707031,
    "val_acc": 0.9150326797385621,
    "val_loss": 0.3857330005932478
}