{
    "step": 0,
    "acc": 0.6475409836065574,
    "loss": 0.6864433611025575,
    "training_time": 29.352019786834717,
    "val_acc": 0.7581699346405228,
    "val_loss": 0.558423262016446
}