{
    "acc": 0.8647540983606558,
    "loss": 0.3580617607250565,
    "training_time": 80.86927795410156
}