{
    "acc": 0.5040983606557377,
    "loss": 0.5827273074232164,
    "training_time": 238.60686588287354
}