{
    "acc": 0.8811475409836066,
    "loss": 0.34736671151314696,
    "training_time": 75.58278703689575
}